GATAATTGGC,51
GATAATTGGC,57
GATAATTGGC,147
GATAATTGGC,57
GATAATTGGC,57
GATAATTGGC,57
GATAATTGGC,24
GATAATTGGC,24
GATAATTGGC,57
GATAATTGGC,57
GAGGTGGGCT,57
GAGGTGGGCT,57
GAGGTGGGCT,57
GAGGTGGGCT,57
GAGGTGGGCT,138
GAGGTGGGCT,57
GAGGTGGGCT,57
GAGGTGGGCT,57
GAGGTGGGCT,57
GAGGTGGGCT,57
CAATATGTAA,57
CAATATGTAA,144
CAATATGTAA,150
CAATATGTAA,147
CAATATGTAA,57
CAATATGTAA,144
CAATATGTAA,57
CAATATGTAA,150
CAATATGTAA,57
CAATATGTAA,150
GTGTAATCAT,150
GTGTAATCAT,150
GTGTAATCAT,57
GTGTAATCAT,147
GTGTAATCAT,51
GTGTAATCAT,57
GTGTAATCAT,57
GTGTAATCAT,150
GTGTAATCAT,57
GTGTAATCAT,54
GATTAGTGCT,54
GATTAGTGCT,57
GATTAGTGCT,57
GATTAGTGCT,57
GATTAGTGCT,141
GATTAGTGCT,57
GATTAGTGCT,57
GATTAGTGCT,57
GATTAGTGCT,54
GATTAGTGCT,57
TTGATTGGAC,57
TTGATTGGAC,150
TTGATTGGAC,57
TTGATTGGAC,57
TTGATTGGAC,150
TTGATTGGAC,57
TTGATTGGAC,54
TTGATTGGAC,57
TTGATTGGAC,57
TTGATTGGAC,141
GTCGAGGCCT,57
GTCGAGGCCT,57
GTCGAGGCCT,57
GTCGAGGCCT,57
GTCGAGGCCT,54
GTCGAGGCCT,144
GTCGAGGCCT,57
GTCGAGGCCT,57
GTCGAGGCCT,57
GTCGAGGCCT,165
TTAGTTCGGA,57
TTAGTTCGGA,141
TTAGTTCGGA,57
TTAGTTCGGA,150
TTAGTTCGGA,150
TTAGTTCGGA,150
TTAGTTCGGA,147
TTAGTTCGGA,147
TTAGTTCGGA,144
TTAGTTCGGA,147
TTACATCGCT,57
TTACATCGCT,54
TTACATCGCT,54
TTACATCGCT,57
TTACATCGCT,57
TTACATCGCT,57
TTACATCGCT,57
TTACATCGCT,57
TTACATCGCT,57
TTACATCGCT,57
AAGATCTTGT,57
AAGATCTTGT,57
AAGATCTTGT,57
AAGATCTTGT,57
AAGATCTTGT,57
AAGATCTTGT,60
AAGATCTTGT,57
AAGATCTTGT,57
AAGATCTTGT,57
AAGATCTTGT,57
ATATTATTAC,57
ATATTATTAC,57
ATATTATTAC,57
ATATTATTAC,57
ATATTATTAC,57
ATATTATTAC,57
ATATTATTAC,57
ATATTATTAC,57
ATATTATTAC,57
ATATTATTAC,150
