AAGATCCTAT,36
AAGATCCTAT,24
AAGATCCTAT,57
AAGATCCTAT,12
AAGATCCTAT,57
GTGGTGTGGC,24
GTGGTGTGGC,24
GTGGTGTGGC,57
GTGGTGTGGC,57
GTGGTGTGGC,27
ATACTCATCA,33
ATACTCATCA,33
ATACTCATCA,30
ATACTCATCA,33
ATACTCATCA,57
GTGATAGGGT,30
GTGATAGGGT,27
GTGATAGGGT,39
GTGATAGGGT,54
GTGATAGGGT,57
GTTATGGTAT,27
GTTATGGTAT,33
GTTATGGTAT,57
GTTATGGTAT,54
GTTATGGTAT,57
GTAGTATGGA,141
GTAGTATGGA,57
GTAGTATGGA,9
GTAGTATGGA,15
GTAGTATGGA,57
TTGGTACCGA,63
TTGGTACCGA,54
TTGGTACCGA,42
TTGGTACCGA,57
TTGGTACCGA,144
AATGTTTTGA,114
AATGTTTTGA,57
AATGTTTTGA,57
AATGTTTTGA,54
AATGTTTTGA,57
GTGCTGGCGA,54
GTGCTGGCGA,30
GTGCTGGCGA,21
GTGCTGGCGA,57
GTGCTGGCGA,57
GTTTAACCGA,57
GTTTAACCGA,24
GTTTAACCGA,33
GTTTAACCGA,18
GTTTAACCGA,54
TTGGTGCTGT,57
TTGGTGCTGT,144
TTGGTGCTGT,57
TTGGTGCTGT,57
TTGGTGCTGT,24
