AAGGTGTCCA,24
AAGGTGTCCA,33
AAGGTGTCCA,33
AAGGTGTCCA,33
AAGGTGTCCA,36
CAAGTCGGAT,54
CAAGTCGGAT,54
CAAGTCGGAT,54
CAAGTCGGAT,54
CAAGTCGGAT,126
TTGTATGTGT,9
TTGTATGTGT,9
TTGTATGTGT,57
TTGTATGTGT,9
TTGTATGTGT,9
TTGATTCCAA,18
TTGATTCCAA,60
TTGATTCCAA,60
TTGATTCCAA,60
TTGATTCCAA,39
ATGAAAATGA,57
ATGAAAATGA,30
ATGAAAATGA,39
ATGAAAATGA,60
ATGAAAATGA,48
AAGGAGGCAA,129
AAGGAGGCAA,24
AAGGAGGCAA,126
AAGGAGGCAA,129
AAGGAGGCAA,54
GAGTTGGCGA,42
GAGTTGGCGA,144
GAGTTGGCGA,33
GAGTTGGCGA,42
GAGTTGGCGA,144
GTGATCGGCC,57
GTGATCGGCC,30
GTGATCGGCC,39
GTGATCGGCC,39
GTGATCGGCC,39
GAGGTGTTAT,30
GAGGTGTTAT,81
GAGGTGTTAT,57
GAGGTGTTAT,54
GAGGTGTTAT,33
AAGGTGTTGT,39
AAGGTGTTGT,54
AAGGTGTTGT,54
AAGGTGTTGT,24
AAGGTGTTGT,54
GTGTAGGCGT,51
GTGTAGGCGT,36
GTGTAGGCGT,57
GTGTAGGCGT,36
GTGTAGGCGT,30
